{
    "query": "glasgow cop26",
    "data": [
      {
        "name": "BM25",
        "results": [
          {
            "title": "COP26: Biden attacks China and Russia leaders for missing summit",
            "url": "https://www.bbc.co.uk/news/world-59138578",
            "description": "long description about the article"
          },
          {
            "title": "PM Modi bats for global solar power grid at COP26 summit",
            "url": "https://www.tribuneindia.com/news/nation/cop26-pm-modi-bats-for-one-sun-one-world-one-grid-as-solution-to-fossil-fuel-crisis-333403",
            "description": "long description about the article"
          },
          {
            "title": "COP26: Greta Thunberg mobbed at Glasgow station ahead of climate summit",
            "url": "https://solarsister.org/greta-thunberg-foundation-donates-to-people-fighting-the-climate-crisis-in-africa/"
          }
        ]
      },
      {
        "name": "LM DIRICHLET",
        "results": [
          {
            "title": "Climate pledge: On CoP26 summit in Glasgow",
            "url": "https://climatehub.nytimes.com/?utm_campaign=nyt-climate-hub-2021&utm_medium=search&utm_source=google&utm_content=&utm_term=scotland&gclid=Cj0KCQjw8p2MBhCiARIsADDUFVGx6iIcJH-KSqLzvI-xZgolv-0dtlLQ8lPNRi8ma1i-OdO4h8kc-jUaAl3_EALw_wcB&gclsrc=aw.ds"
          },
          {
            "title": "COP26: Biden attacks China and Russia leaders for missing summit",
            "url": "https://www.bbc.co.uk/news/world-59138578"
          },
          {
            "title": "COP26 | The ‘last best chance’ to save the world",
            "url": "https://www.moneycontrol.com/news/economy/policy/cop26-the-last-best-chance-to-save-the-world-7670041.html"
          }
        ]
      },
      {
        "name": "LM JM",
        "results": [
          {
            "title": "UN Climate Change Conference (COP 26)",
            "url": "https://www.economist.com/leaders/2021/10/30/why-the-cop26-climate-summit-will-be-both-crucial-and-disappointing?gclid=Cj0KCQjw8p2MBhCiARIsADDUFVExDaamEjCcjnTf19WlVmZ96iWir94WpD9-aURxBMoIkePoFH76dJIaAqSAEALw_wcB&gclsrc=aw.ds"
          },
          {
            "title": "World leaders outline climate commitments at COP26 summit",
            "url": "https://ukcop26.org/cop26-world-leaders-summit-presidency-summary/"
          },
          {
            "title": "The UN Climate Change Conference COP26",
            "url": "https://www.economist.com/leaders/2021/10/30/why-the-cop26-climate-summit-will-be-both-crucial-and-disappointing?gclid=Cj0KCQjw8p2MBhCiARIsADDUFVGUWLKWCR9Fk37KcHwUN7WVRTxQNewAQkXwOm_p07d8W2UQz31ODv4aAokgEALw_wcB&gclsrc=aw.ds"
          }
        ]
      }
    ]
  }